station_name,latitude,longitude
Jurong East (NS1),1.333027515439408,103.7423704876066
Bukit Batok (NS2),1.349033312016372,103.7495664783088
Bukit Gombak (NS3),1.358611590941928,103.7517909107326
Choa Chu Kang (NS4),1.385368469921474,103.7440849094921
Yew Tee (NS5),1.397535069362989,103.7474051502354
Kranji (NS7),1.425086980736478,103.762137459497
Marsiling (NS8),1.432521148550268,103.7740746414026
Woodlands (NS9),1.436819629615197,103.7860667992523
Admiralty (NS10),1.440588561618472,103.800990519771
Sembawang (NS11),1.449050821585015,103.8200461402103
Canberra (NS12),1.443076640756983,103.8297025909592
Yishun (NS13),1.42944308477332,103.8350050472459
Khatib (NS14),1.417383370095667,103.8329799082429
Yio Chu Kang (NS15),1.381755870991314,103.8449472711801
Ang Mo Kio (NS16),1.36993284962264,103.8495580917754
Bishan (NS17),1.35101889777846,103.8500572086081
Braddell (NS18),1.34010520696436,103.8467559210476
Toa Payoh (NS19),1.332629280968894,103.8475021980474
Novena (NS20),1.320440791201562,103.8438256187479
Newton (NS21),1.312570317306047,103.8380315552143
Orchard (NS22),1.302422248367229,103.8238685232488
Somerset (NS23),1.300252877105424,103.8391583368474
Dhoby Ghaut (NS24),1.298911643626761,103.8462925069598
City Hall (NS25),1.292989907009234,103.8525426303387
Raffles Place (NS26),1.283933262345381,103.8514630662122
Marina Bay (NS27),1.276311143815851,103.8546049753605
Marina South Pier (NS28),1.271027036120066,103.8624475157361
Pasir Ris (EW1),1.367129282876153,103.9605573184165
Tampines (EW2),1.356191482715451,103.9546344624998
Simei (EW3),1.343197078518295,103.9533772143779
Tanah Merah (EW4),1.327187290746738,103.9463486007975
Bedok (EW5),1.323979968681596,103.9299844950654
Kembangan (EW6),1.321038133593401,103.9129479308509
Eunos (EW7),1.319783549160883,103.9032258072548
Paya Lebar (EW8),1.317247385403492,103.8922607538836
Aljunied (EW9),1.316432611815716,103.8829060443844
Kallang (EW10),1.311488909988205,103.8713865417532
Lavender (EW11),1.307391878931378,103.862784610013
Bugis (EW12),1.30046508537091,103.8557067312047
Tanjong Pagar (EW15),1.276561317372466,103.8457251867589
Outram Park (EW16),1.280241532808404,103.8400521001357
Tiong Bahru (EW17),1.286194578905436,103.8269989397321
Redhill (EW18),1.289634534128879,103.8167409720498
Queenstown (EW19),1.294550851849307,103.8060771559821
Commonwealth (EW20),1.302501999243251,103.7982285233357
Buona Vista (EW21),1.306275348232579,103.7903632001254
Dover (EW22),1.311405293209642,103.7786378419088
Clementi (EW23),1.315116252773782,103.7651914528873
Chinese Garden (EW25),1.342352820814013,103.7325967383628
Lakeside (EW26),1.344259114938191,103.7209490874561
Boon Lay (EW27),1.33860405469845,103.7060646227716
Pioneer (EW28),1.337587011067095,103.6973216084733
Joo Koon (EW29),1.327717040844709,103.6783749961644
Gul Circle (EW30),1.319470900752091,103.6605304613452
Tuas Crescent (EW31),1.321026955986843,103.6490782356262
Tuas West Road (EW32),1.329985046531018,103.6396166487711
Tuas Link (EW33),1.340882424511064,103.6369914251273
Expo (CG1),1.334549778248175,103.9615482110178
Changi Airport (CG2),1.357478974476929,103.9878835695896
HarbourFront (NE1),1.265311398584666,103.8205573166953
Chinatown (NE3),1.283964051875304,103.8431419453903
Clarke Quay (NE4),1.287452114158039,103.8461191927268
Little India (NE6),1.307243816084376,103.8498416141234
Farrer Park (NE7),1.313140299631643,103.8547547213434
Boon Keng (NE8),1.319939576532913,103.8620526984453
Potong Pasir (NE9),1.331378085287931,103.8693635477404
Woodleigh (NE10),1.339828245921835,103.8709608879794
Serangoon (NE11),1.351048289635107,103.8710704171983
Kovan (NE12),1.359901919529756,103.8844947251966
Hougang (NE13),1.370334724291605,103.8922617579371
Buangkok (NE14),1.383694171999941,103.8930499813181
Sengkang (NE15),1.391694626015214,103.895484694279
Punggol (NE16),1.414927333886055,103.9101663881767
Punggol Coast (NE17),1.414927333886055,103.9101663881767
Bras Basah (CC2),1.296861686496568,103.8506673716367
Esplanade (CC3),1.291339907074546,103.8546094750283
Promenade (CC4),1.293997986362327,103.8603500001881
Nicoll Highway (CC5),1.299766846751384,103.8636369657193
Stadium (CC6),1.302812468470708,103.8753377110883
Mountbatten (CC7),1.306154061289133,103.8830451486952
Dakota (CC8),1.308431443314637,103.8892682084216
MacPherson (CC10),1.326839632324859,103.8900078604636
Tai Seng (CC11),1.335141501392029,103.8883893001908
Bartley (CC12),1.342445438292511,103.8801970871163
Lorong Chuan (CC14),1.351531286215865,103.8648121695135
Marymount (CC16),1.34870726345101,103.8394231323315
Caldecott (CC17),1.337347223202126,103.8395440775605
Botanic Gardens (CC18),1.32238699517166,103.8153854630931
Farrer Road (CC19),1.317439151589664,103.8073792141607
Holland Village (CC20),1.312240296315966,103.796399122407
one-north (CC22),1.299759874935558,103.7874575052496
Kent Ridge (CC23),1.293533498871235,103.7845727381728
Haw Par Villa (CC24),1.281956886848984,103.7819889901364
Pasir Panjang (CC25),1.27621352233767,103.7913503132878
Labrador Park (CC26),1.272368386269524,103.8034162320884
Telok Blangah (CC27),1.270706477177624,103.8097616112185
Keppel (CC29),1.269772201244406,103.8300314595233
Cantonment (CC30),1.27287214563204,103.8370623137639
Prince Edward Road (CC31),1.273156936360872,103.847097123745
Bayfront (CC33),1.281873788792091,103.8590797648737
Bukit Panjang (DT1),1.379561212366134,103.7611888662513
Cashew (DT2),1.369846013657411,103.764315051619
Hillview (DT3),1.362888457151686,103.7677809077064
Hume (DT4),1.354595323950304,103.7691188518866
Beauty World (DT5),1.340901490014312,103.7757467177778
King Albert Park (DT6),1.335893496278011,103.7832358632324
Sixth Avenue (DT7),1.330857645362268,103.7969068382873
Stevens (DT9),1.320065557506253,103.8260244019237
Rochor (DT12),1.30385218527656,103.8527694288838
Downtown (DT16),1.279446381789169,103.8528408295805
Telok Ayer (DT17),1.282068947693958,103.848648781083
Fort Canning (DT19),1.292481948229968,103.8443313624644
Bencoolen (DT20),1.298918433694228,103.8503537627163
Jalan Besar (DT21),1.3051713878069,103.855295713435
Geylang Bahru (DT22),1.321301102283224,103.8716226271413
Mattar (DT23),1.326876715013358,103.8832475095416
Ubi (DT25),1.329974259739727,103.8992266554387
Kaki Bukit (DT26),1.334967359954289,103.9084593380455
Bedok North (DT27),1.334742116640915,103.9179783299497
Bedok Reservoir (DT28),1.336607829551007,103.9322346232856
Tampines West (DT29),1.345515305601201,103.9384369712212
Tampines East (DT31),1.356191482715451,103.9546344624998
Upper Changi (DT32),1.341739774449938,103.9614727886333
Xilin (DT34),1.328906949388583,103.9649025695947
Sungei Bedok (DT35),1.320401487291132,103.9571838234776
Woodlands North (TE1),1.44829245259622,103.785692682441
Woodlands South (TE3),1.427396052814427,103.7932643222093
Springleaf (TE4),1.397581061268243,103.8178569499463
Lentor (TE5),1.385506579721705,103.8357438096688
Mayflower (TE6),1.371463188310142,103.8365677669445
Bright Hill (TE7),1.363283185451856,103.8328936199913
Upper Thomson (TE8),1.354416433654027,103.832898468504
Mount Pleasant (TE10),1.32856455460667,103.8351885819893
Napier (TE11),1.306782233647866,103.8189567968147
Orchard Boulevard (TE12),1.302422248367229,103.8238685232488
Great World (TE14),1.293948161693831,103.8337208377308
Havelock (TE15),1.288505239753116,103.8335858382257
Maxwell (TE17),1.280533298428769,103.8438836706331
Shenton Way (TE18),1.277716828342504,103.8503675960666
Gardens by the Bay (TE20),1.27848725876303,103.8674546644205
Tanjong Rhu (TE21),1.297265079406466,103.8734532546209
Katong Park (TE22),1.297831477789522,103.8861789499243
Tanjong Katong (TE23),1.299319257698992,103.8973687420782
Marine Parade (TE24),1.302611634833843,103.9049830868117
Marine Terrace (TE25),1.306665103448141,103.9151067004998
Siglap (TE26),1.310008694322892,103.9300258267072
Bayshore (TE27),1.313122482912643,103.9423097767668
South View (BP2),1.380298287423997,103.7452917998233
Keat Hong (BP3),1.378603250637315,103.7490556689249
Teck Whye (BP4),1.376684679208098,103.7537122323367
Phoenix (BP5),1.378615451040848,103.7579955583452
Bukit Panjang (BP6),1.377926946169822,103.7631029311114
Petir (BP7),1.377772042590833,103.7666457824963
Pending (BP8),1.376135743349891,103.7712611755711
Bangkit (BP9),1.380022230100881,103.7726473704518
Fajar (BP10),1.38457317668027,103.7708872230177
Segar (BP11),1.387785086633622,103.7695996852484
Jelapang (BP12),1.386739269979613,103.7645340864596
Senja (BP13),1.38272547134454,103.7623442547194
Compassvale (SE1),1.394493044503743,103.9004924509439
Rumbia (SE2),1.391468495341322,103.9059735934099
Bakau (SE3),1.387994310547688,103.9054153001703
Kangkar (SE4),1.383959116889146,103.9022253704398
Ranggung (SE5),1.384233559182769,103.8971946678037
Cheng Lim (SW1),1.39627763344324,103.8937971817304
Farmway (SW2),1.397170195918215,103.8893048241955
Kupang (SW3),1.398212830313787,103.8812562222543
Thanggam (SW4),1.397318155819383,103.875635154729
Fernvale (SW5),1.391885892347656,103.87630862552
Layar (SW6),1.392079836599983,103.8800296005455
Tongkang (SW7),1.389347946589417,103.8858441501157
Renjong (SW8),1.386700589919044,103.8906213160796
Cove (PE1),1.399281988373422,103.9059619412137
Meridian (PE2),1.396912049877407,103.9089502244891
Coral Edge (PE3),1.393909228633142,103.9125808455146
Riviera (PE4),1.394519785402498,103.9161693811566
Kadaloor (PE5),1.399509106362594,103.9165749742334
Oasis (PE6),1.402286679711236,103.9127273524113
Damai (PE7),1.405234836369568,103.9086035425655
Sam Kee (PW1),1.409612685288038,103.9048315506079
Teck Lee (PW2),1.412770893746303,103.9065776227674
Punggol Point (PW3),1.416848520312058,103.9066507893127
Samudera (PW4),1.415901721603825,103.9021563171623
Nibong (PW5),1.411854477442394,103.9003394520542
Sumang (PW6),1.408452419430784,103.898558450395
Soo Teck (PW7),1.405323318604549,103.8972905220323
